time_period,la_name,old_la_code,urn,school_name_api,exam_cohort,disadvantage_status,best_three_alevels_aps,best_three_alevels_grade,value_added_lower_ci,aps_per_entry,aab_percent,aps_per_entry_student_count,value_added_upper_ci,aps_per_entry_grade,end1618_student_count,progress_banding,value_added,unit,establishment_type
2021/22,Hackney,204,143756,"City of London Academy, Shoreditch Park",A level,Total,,z,,,,,,z,,z,,City of London Academy Shoreditch Park,
2022/23,Hackney,204,143756,"City of London Academy, Shoreditch Park",A level,Total,,z,,,,,,z,,z,,City of London Academy Shoreditch Park,
2023/24,Hackney,204,143756,"City of London Academy, Shoreditch Park",A level,Total,,z,-0.57,39.34,,20.0,0.0,B,20.0,Average,-0.28,City of London Academy Shoreditch Park,
2024/25,Hackney,204,143756,"City of London Academy, Shoreditch Park",A level,Total,41.25,B,-0.06,41.3,20.0,40.0,0.33,B,40.0,Average,0.14,City of London Academy Shoreditch Park,
2021/22,Hackney,204,137442,Clapton Girls' Academy,A level,Total,,z,,44.11,,87.0,,B+,145.0,z,,Clapton Girls' Academy,
2022/23,Hackney,204,137442,Clapton Girls' Academy,A level,Total,,z,,39.23,,88.0,,B,144.0,z,,Clapton Girls' Academy,
2023/24,Hackney,204,137442,Clapton Girls' Academy,A level,Total,,z,-0.15,37.25,,97.0,0.11,B-,146.0,Average,-0.02,Clapton Girls' Academy,
2024/25,Hackney,204,137442,Clapton Girls' Academy,A level,Total,38.53,B,-0.13,38.84,14.7,95.0,0.11,B,164.0,Average,-0.01,Clapton Girls' Academy,
2021/22,,,,,A level,Total,,z,,37.86,,,,B-,,,,England (state-funded),All state-funded schools and colleges
2022/23,,,,,A level,Total,,z,,34.16,,,,C+,,,,England (state-funded),All state-funded schools and colleges
2023/24,,,,,A level,Total,,z,,34.38,,,,C+,,,,England (state-funded),All state-funded schools and colleges
2024/25,,,,,A level,Total,,B-,,35.0,17.5,,,B-,,,,England (state-funded),All state-funded schools and colleges
2021/22,Hackney,204,134693,Mossbourne Community Academy,A level,Total,,z,,46.52,,187.0,,A-,194.0,z,,Mossbourne Community Academy,
2022/23,Hackney,204,134693,Mossbourne Community Academy,A level,Total,,z,,44.57,,178.0,,B+,186.0,z,,Mossbourne Community Academy,
2023/24,Hackney,204,134693,Mossbourne Community Academy,A level,Total,,z,-0.09,43.22,,186.0,0.09,B+,195.0,Average,0.0,Mossbourne Community Academy,
2024/25,Hackney,204,134693,Mossbourne Community Academy,A level,Total,43.63,B+,-0.19,43.74,38.8,188.0,-0.02,B+,194.0,Below average,-0.1,Mossbourne Community Academy,
2021/22,Islington,206,134314,St Mary Magdalene Academy,A level,Total,,z,,39.08,,109.0,,B,128.0,z,,St Mary Magdalene Academy,
2022/23,Islington,206,134314,St Mary Magdalene Academy,A level,Total,,z,,36.8,,135.0,,B-,146.0,z,,St Mary Magdalene Academy,
2023/24,Islington,206,134314,St Mary Magdalene Academy,A level,Total,,z,-0.03,39.96,,166.0,0.16,B,176.0,Average,0.06,St Mary Magdalene Academy,
2024/25,Islington,206,134314,St Mary Magdalene Academy,A level,Total,38.32,B-,-0.2,38.87,21.5,149.0,0.0,B,155.0,Average,-0.1,St Mary Magdalene Academy,
2021/22,Hackney,204,100279,Stoke Newington School and Sixth Form,A level,Total,,z,,40.02,,174.0,,B,202.0,z,,Stoke Newington School,
2022/23,Hackney,204,100279,Stoke Newington School and Sixth Form,A level,Total,,z,,31.94,,202.0,,C+,224.0,z,,Stoke Newington School,
2023/24,Hackney,204,100279,Stoke Newington School and Sixth Form,A level,Total,,z,-0.07,34.51,,190.0,0.11,C+,220.0,Average,0.02,Stoke Newington School,
2024/25,Hackney,204,100279,Stoke Newington School and Sixth Form,A level,Total,34.63,C+,-0.1,34.7,14.3,168.0,0.09,C+,187.0,Average,-0.01,Stoke Newington School,
2021/22,Hackney,204,131609,The Bridge Academy,A level,Total,,z,,35.02,,102.0,,B-,117.0,z,,The Bridge Academy,
2022/23,Hackney,204,131609,The Bridge Academy,A level,Total,,z,,32.73,,105.0,,C+,126.0,z,,The Bridge Academy,
2023/24,Hackney,204,131609,The Bridge Academy,A level,Total,,z,0.06,31.63,,104.0,0.31,C,117.0,Above average,0.19,The Bridge Academy,
2024/25,Hackney,204,131609,The Bridge Academy,A level,Total,38.06,B-,0.11,36.12,17.9,103.0,0.36,B-,122.0,Above average,0.24,The Bridge Academy,
2021/22,Hackney,204,135835,"The City Academy, Hackney",A level,Total,,z,,37.2,,93.0,,B-,101.0,z,,"The City Academy, Hackney",
2022/23,Hackney,204,135835,"The City Academy, Hackney",A level,Total,,z,,36.05,,82.0,,B-,93.0,z,,"The City Academy, Hackney",
2023/24,Hackney,204,135835,"The City Academy, Hackney",A level,Total,,z,-0.02,35.11,,91.0,0.26,B-,102.0,Average,0.12,"The City Academy, Hackney",
2024/25,Hackney,204,135835,"The City Academy, Hackney",A level,Total,37.06,B-,0.06,36.77,11.8,89.0,0.33,B-,102.0,Above average,0.19,"The City Academy, Hackney",
2021/22,Hackney,204,131062,The Excelsior Academy,A level,Total,,z,,33.26,,60.0,,C+,97.0,z,,The Excelsior Academy,
2022/23,Hackney,204,131062,The Excelsior Academy,A level,Total,,z,,31.11,,45.0,,C,72.0,z,,The Excelsior Academy,
2023/24,Hackney,204,131062,The Excelsior Academy,A level,Total,,z,0.31,35.53,,53.0,0.65,B-,70.0,Well above average,0.48,The Excelsior Academy,
2024/25,Hackney,204,131062,The Excelsior Academy,A level,Total,38.93,B,0.17,38.58,28.0,27.0,0.66,B,46.0,Well above average,0.41,The Excelsior Academy,
2021/22,Enfield,308,102055,The Latymer School,A level,Total,,z,,48.15,,208.0,,A-,212.0,z,,The Latymer School,
2022/23,Enfield,308,102055,The Latymer School,A level,Total,,z,,45.75,,190.0,,A-,191.0,z,,The Latymer School,
2023/24,Enfield,308,102055,The Latymer School,A level,Total,,z,-0.07,47.28,,205.0,0.09,A-,206.0,Average,0.01,The Latymer School,
2024/25,Enfield,308,102055,The Latymer School,A level,Total,48.11,A-,-0.11,47.33,63.2,212.0,0.05,A-,214.0,Average,-0.03,The Latymer School,
