unit,years,a_level_students,va_2y_wavg,aps_per_entry_2y_wavg,aab_pct_2024_25,va_ci_low,va_ci_upp
The Latymer School,2,417.0,-0.01,47.3,63.2,-0.07,0.05
Mossbourne Community Academy,2,374.0,-0.05,43.5,38.8,-0.11,0.01
City of London Academy Shoreditch Park,2,60.0,0.0,40.6,20.0,-0.16,0.16
St Mary Magdalene Academy,2,315.0,-0.02,39.4,21.5,-0.09,0.05
Clapton Girls' Academy,2,192.0,-0.02,38.0,14.7,-0.11,0.07
The Excelsior Academy,2,80.0,0.46,36.6,28.0,0.32,0.6
"The City Academy, Hackney",2,180.0,0.15,35.9,11.8,0.05,0.25
Stoke Newington School,2,358.0,0.01,34.6,14.3,-0.06,0.08
The Bridge Academy,2,207.0,0.21,33.9,17.9,0.12,0.3
