unit,time_period,a8,p8,p8_low,p8_upp,em5_pct,ebacc_aps,pupils
Latymer – all pupils,2024/25,80.1,,,,99.0,7.93,191.0
Latymer – boys,2024/25,79.0,,,,98.4,7.82,125.0
Latymer – girls,2024/25,82.0,,,,100.0,8.14,66.0
Latymer – all pupils,2023/24,81.0,0.74,0.54,0.95,99.0,8.0,191.0
Latymer – boys,2023/24,80.5,0.69,0.39,0.98,100.0,8.02,101.0
Latymer – girls,2023/24,81.5,0.8,0.51,1.1,97.8,7.99,90.0
Latymer – all pupils,2022/23,81.6,0.79,0.59,1.0,98.4,8.02,189.0
Latymer – boys,2022/23,80.9,0.78,0.5,1.06,98.0,7.99,102.0
Latymer – girls,2022/23,82.3,0.81,0.5,1.11,98.9,8.07,87.0
Henrietta Barnett,2024/25,87.3,,,,100.0,8.65,104.0
St Michael's Catholic GS,2024/25,77.8,,,,96.1,7.39,127.0
Newstead Wood,2024/25,82.8,,,,100.0,7.89,156.0
Tiffin Girls',2024/25,85.3,,,,99.4,8.26,176.0
Woodford County High,2024/25,80.1,,,,98.9,7.92,181.0
Nonsuch High,2024/25,80.5,,,,98.7,7.6,233.0
Wallington High Girls',2024/25,80.5,,,,99.5,7.57,210.0
Altrincham Girls',2024/25,80.6,,,,100.0,8.01,208.0
Kendrick,2024/25,84.0,,,,100.0,8.29,128.0
Chelmsford County High,2024/25,80.7,,,,99.4,7.94,180.0
Colchester County High,2024/25,80.6,,,,100.0,7.82,191.0
Stratford Girls',2024/25,80.6,,,,100.0,7.56,120.0
Henrietta Barnett,2023/24,86.4,1.09,0.8,1.39,99.0,8.57,104.0
St Michael's Catholic GS,2023/24,79.3,0.98,0.73,1.22,98.4,7.46,128.0
Newstead Wood,2023/24,80.2,1.05,0.82,1.28,98.1,7.36,159.0
Tiffin Girls',2023/24,84.8,1.06,0.83,1.28,100.0,8.1,180.0
Woodford County High,2023/24,78.3,0.79,0.57,1.0,99.4,7.76,179.0
Nonsuch High,2023/24,81.3,1.02,0.83,1.22,99.0,7.62,209.0
Wallington High Girls',2023/24,79.4,0.92,0.72,1.12,99.5,7.23,211.0
Altrincham Girls',2023/24,81.6,1.01,0.8,1.23,99.0,8.12,200.0
Kendrick,2023/24,84.4,1.07,0.77,1.36,100.0,8.28,97.0
Chelmsford County High,2023/24,80.6,0.76,0.52,1.0,100.0,7.96,151.0
Colchester County High,2023/24,80.8,0.99,0.75,1.23,99.4,7.76,159.0
Stratford Girls',2023/24,79.9,1.07,0.78,1.35,99.2,7.31,120.0
Henrietta Barnett,2022/23,87.6,1.1,0.8,1.4,100.0,8.7,104.0
St Michael's Catholic GS,2022/23,79.8,1.09,0.8,1.38,99.0,7.59,96.0
Newstead Wood,2022/23,81.5,1.13,0.9,1.37,100.0,7.6,160.0
Altrincham Girls',2022/23,82.2,1.05,0.84,1.27,99.0,8.19,203.0
Tiffin Girls',2022/23,84.1,0.96,0.73,1.18,99.4,8.16,180.0
Woodford County High,2022/23,79.0,0.82,0.6,1.03,99.4,7.78,178.0
Nonsuch High,2022/23,82.3,1.11,0.91,1.31,99.5,7.79,206.0
Wallington High Girls',2022/23,80.1,0.93,0.72,1.13,100.0,7.4,209.0
Kendrick,2022/23,84.3,1.06,0.77,1.35,100.0,8.29,100.0
Chelmsford County High,2022/23,82.4,0.9,0.65,1.14,100.0,8.13,154.0
Colchester County High,2022/23,80.5,0.99,0.75,1.23,99.4,7.78,160.0
Stratford Girls',2022/23,80.2,0.94,0.66,1.21,98.3,7.52,120.0
