table,rank,URN,school,local_authority,attainment8,progress8,ks4_cohort,gender,selective,admpol,NFTYPE
1. Top 50 mixed state schools,1,136642,"King Edward VI Grammar School, Chelmsford",Essex,83.3,,150.0,Mixed,Selective,SEL,ACC
1. Top 50 mixed state schools,2,136353,Pate's Grammar School,Gloucestershire,82.7,,151.0,Mixed,Selective,SEL,ACC
1. Top 50 mixed state schools,3,136283,Heckmondwike Grammar School,Kirklees,80.2,,206.0,Mixed,Selective,SEL,ACC
1. Top 50 mixed state schools,4,102055,The Latymer School,Enfield,80.1,,191.0,Mixed,Selective,SEL,VA
1. Top 50 mixed state schools,5,136420,Upton Court Grammar School,Slough,79.9,,166.0,Mixed,Selective,SEL,ACC
1. Top 50 mixed state schools,6,137916,The Blue Coat School,Liverpool,79.5,,176.0,Mixed,Selective,SEL,ACC
1. Top 50 mixed state schools,7,136366,Colyton Grammar School,Devon,78.8,,152.0,Mixed,Selective,SEL,ACC
1. Top 50 mixed state schools,8,136521,Langley Grammar School,Slough,77.6,,177.0,Mixed,Selective,SEL,ACC
1. Top 50 mixed state schools,8,140862,Michaela Community School,Brent,77.6,,117.0,Mixed,Non-selective,NSE,F
1. Top 50 mixed state schools,10,110084,St Bernard's Catholic Grammar School,Slough,77.3,,158.0,Mixed,Selective,SEL,VA
1. Top 50 mixed state schools,11,136498,Sale Grammar School,Trafford,76.1,,192.0,Mixed,Selective,SEL,ACC
1. Top 50 mixed state schools,12,137046,King Edward VI Five Ways School,Birmingham,75.9,,181.0,Mixed,Selective,SEL,ACC
1. Top 50 mixed state schools,13,137726,Herschel Grammar School,Slough,75.8,,150.0,Mixed,Selective,SEL,ACC
1. Top 50 mixed state schools,14,137423,Chislehurst and Sidcup Grammar School,Bexley,75.6,,189.0,Mixed,Selective,SEL,ACC
1. Top 50 mixed state schools,15,136369,Bexley Grammar School,Bexley,74.7,,223.0,Mixed,Selective,SEL,ACC
1. Top 50 mixed state schools,16,139182,The Crossley Heath School,Calderdale,74.5,,178.0,Mixed,Selective,SEL,ACC
1. Top 50 mixed state schools,17,136390,Clitheroe Royal Grammar School,Lancashire,74.4,,149.0,Mixed,Selective,SEL,ACC
1. Top 50 mixed state schools,17,106368,Stretford Grammar School,Trafford,74.4,,160.0,Mixed,Selective,SEL,FD
1. Top 50 mixed state schools,19,136742,Lancaster Royal Grammar School,Lancashire,74.1,,170.0,Mixed,Selective,SEL,ACC
1. Top 50 mixed state schools,20,137091,Chesham Grammar School,Buckinghamshire,74.0,,180.0,Mixed,Selective,SEL,ACC
1. Top 50 mixed state schools,21,136622,Alcester Grammar School,Warwickshire,73.7,,151.0,Mixed,Selective,SEL,ACC
1. Top 50 mixed state schools,22,137344,Royal Latin School,Buckinghamshire,73.5,,174.0,Mixed,Selective,SEL,ACC
1. Top 50 mixed state schools,23,150261,Bacup and Rawtenstall Grammar School,Lancashire,73.3,,175.0,Mixed,Selective,SEL,ACC
1. Top 50 mixed state schools,24,136845,Sir Henry Floyd Grammar School,Buckinghamshire,73.2,,181.0,Mixed,Selective,SEL,ACC
1. Top 50 mixed state schools,25,136554,Dame Alice Owen's School,Hertfordshire,72.9,,200.0,Mixed,Non-selective,NSE,ACC
1. Top 50 mixed state schools,26,136578,The Crypt School,Gloucestershire,72.7,,152.0,Mixed,Selective,SEL,ACC
1. Top 50 mixed state schools,27,136781,Sir William Borlase's Grammar School,Buckinghamshire,72.4,,151.0,Mixed,Selective,SEL,ACC
1. Top 50 mixed state schools,28,137446,Haberdashers' Adams,Telford and Wrekin,71.8,,149.0,Mixed,Selective,SEL,ACC
1. Top 50 mixed state schools,29,136297,Urmston Grammar Academy,Trafford,71.7,,152.0,Mixed,Selective,SEL,ACC
1. Top 50 mixed state schools,30,136388,Churston Ferrers Grammar School Academy,Torbay,71.2,,146.0,Mixed,Selective,SEL,ACC
1. Top 50 mixed state schools,31,121694,Ripon Grammar School,North Yorkshire,70.9,,126.0,Mixed,Selective,SEL,CY
1. Top 50 mixed state schools,32,137564,Burnham Grammar School,Buckinghamshire,70.1,,179.0,Mixed,Selective,SEL,ACC
1. Top 50 mixed state schools,33,136350,Caistor Grammar School,Lincolnshire,69.8,,94.0,Mixed,Selective,SEL,ACC
1. Top 50 mixed state schools,34,136750,West London Free School,Hammersmith and Fulham,69.2,,134.0,Mixed,Non-selective,NSE,F
1. Top 50 mixed state schools,35,137793,Bourne Grammar School,Lincolnshire,68.6,,239.0,Mixed,Selective,SEL,ACC
1. Top 50 mixed state schools,36,136788,The North Halifax Grammar School,Calderdale,68.5,,180.0,Mixed,Selective,SEL,ACC
1. Top 50 mixed state schools,37,138245,Ark Greenwich Free School,Greenwich,68.2,,102.0,Mixed,Non-selective,NSE,F
1. Top 50 mixed state schools,38,145897,Mercia School,Sheffield,68.1,,172.0,Mixed,Non-selective,NR,F
1. Top 50 mixed state schools,39,136887,Chesterton Community College,Cambridgeshire,68.0,,190.0,Mixed,Non-selective,NSE,ACC
1. Top 50 mixed state schools,40,138461,Waldegrave School,Richmond upon Thames,67.3,,213.0,Mixed,Non-selective,NSE,ACC
1. Top 50 mixed state schools,41,137546,Twyford Church of England High School,Ealing,67.1,,189.0,Mixed,Non-selective,NSE,ACC
1. Top 50 mixed state schools,42,137739,Cranbrook School,Kent,66.9,,153.0,Mixed,Selective,SEL,ACC
1. Top 50 mixed state schools,43,135316,Ashcroft Technology Academy,Wandsworth,66.7,,238.0,Mixed,Non-selective,NSE,AC
1. Top 50 mixed state schools,44,136899,Parmiter's School,Hertfordshire,66.5,,208.0,Mixed,Non-selective,NSE,ACC
1. Top 50 mixed state schools,45,137474,Barton Court Grammar School,Kent,66.4,,152.0,Mixed,Selective,SEL,ACC
1. Top 50 mixed state schools,46,138665,"Queen Elizabeth's Grammar School, Horncastle",Lincolnshire,66.2,,123.0,Mixed,Selective,SEL,ACC
1. Top 50 mixed state schools,47,142654,Ealing Fields High School,Ealing,66.1,,147.0,Mixed,Non-selective,NR,F
1. Top 50 mixed state schools,48,136585,Dane Court Grammar School,Kent,65.3,,195.0,Mixed,Selective,SEL,ACC
1. Top 50 mixed state schools,49,125275,St Andrew's Catholic School,Surrey,65.2,,209.0,Mixed,Non-selective,NSE,VA
1. Top 50 mixed state schools,50,134693,Mossbourne Community Academy,Hackney,65.1,,206.0,Mixed,Non-selective,NSE,AC
2. Top 50 mixed non-selective state schools,1,140862,Michaela Community School,Brent,77.6,,117.0,Mixed,Non-selective,NSE,F
2. Top 50 mixed non-selective state schools,2,136554,Dame Alice Owen's School,Hertfordshire,72.9,,200.0,Mixed,Non-selective,NSE,ACC
2. Top 50 mixed non-selective state schools,3,136750,West London Free School,Hammersmith and Fulham,69.2,,134.0,Mixed,Non-selective,NSE,F
2. Top 50 mixed non-selective state schools,4,138245,Ark Greenwich Free School,Greenwich,68.2,,102.0,Mixed,Non-selective,NSE,F
2. Top 50 mixed non-selective state schools,5,145897,Mercia School,Sheffield,68.1,,172.0,Mixed,Non-selective,NR,F
2. Top 50 mixed non-selective state schools,6,136887,Chesterton Community College,Cambridgeshire,68.0,,190.0,Mixed,Non-selective,NSE,ACC
2. Top 50 mixed non-selective state schools,7,138461,Waldegrave School,Richmond upon Thames,67.3,,213.0,Mixed,Non-selective,NSE,ACC
2. Top 50 mixed non-selective state schools,8,137546,Twyford Church of England High School,Ealing,67.1,,189.0,Mixed,Non-selective,NSE,ACC
2. Top 50 mixed non-selective state schools,9,135316,Ashcroft Technology Academy,Wandsworth,66.7,,238.0,Mixed,Non-selective,NSE,AC
2. Top 50 mixed non-selective state schools,10,136899,Parmiter's School,Hertfordshire,66.5,,208.0,Mixed,Non-selective,NSE,ACC
2. Top 50 mixed non-selective state schools,11,142654,Ealing Fields High School,Ealing,66.1,,147.0,Mixed,Non-selective,NR,F
2. Top 50 mixed non-selective state schools,12,125275,St Andrew's Catholic School,Surrey,65.2,,209.0,Mixed,Non-selective,NSE,VA
2. Top 50 mixed non-selective state schools,13,134693,Mossbourne Community Academy,Hackney,65.1,,206.0,Mixed,Non-selective,NSE,AC
2. Top 50 mixed non-selective state schools,13,136609,Sandringham School,Hertfordshire,65.1,,236.0,Mixed,Non-selective,NSE,ACC
2. Top 50 mixed non-selective state schools,13,136901,St Clement Danes School,Hertfordshire,65.1,,236.0,Mixed,Non-selective,NSE,ACC
2. Top 50 mixed non-selective state schools,16,136298,The Charter School North Dulwich,Southwark,65.0,,187.0,Mixed,Non-selective,NSE,ACC
2. Top 50 mixed non-selective state schools,17,143367,"Salesian School, Chertsey",Surrey,64.9,,276.0,Mixed,Non-selective,NSE,ACC
2. Top 50 mixed non-selective state schools,18,133724,JFS,Brent,64.6,,319.0,Mixed,Non-selective,NSE,VA
2. Top 50 mixed non-selective state schools,19,137855,Hinchley Wood School,Surrey,64.5,,218.0,Mixed,Non-selective,NSE,ACC
2. Top 50 mixed non-selective state schools,20,145724,Ada Lovelace Church of England High School,Ealing,64.4,,197.0,Mixed,Non-selective,NSE,F
2. Top 50 mixed non-selective state schools,20,138651,Orleans Park School,Richmond upon Thames,64.4,,220.0,Mixed,Non-selective,NSE,ACC
2. Top 50 mixed non-selective state schools,22,140210,Mossbourne Victoria Park Academy,Hackney,64.3,,156.0,Mixed,Non-selective,NSE,AC
2. Top 50 mixed non-selective state schools,23,138227,Avanti House School,Harrow,64.0,,180.0,Mixed,Non-selective,NSE,F
2. Top 50 mixed non-selective state schools,24,137005,Graveney School,Wandsworth,63.9,,286.0,Mixed,Non-selective,NSE,ACC
2. Top 50 mixed non-selective state schools,25,138356,St George's School,Hertfordshire,63.7,,188.0,Mixed,Non-selective,NSE,ACC
2. Top 50 mixed non-selective state schools,26,139151,Gordon's School,Surrey,63.6,,127.0,Mixed,Non-selective,NSE,ACC
2. Top 50 mixed non-selective state schools,26,147430,St Peter's Catholic School,Surrey,63.6,,212.0,Mixed,Non-selective,NSE,ACC
2. Top 50 mixed non-selective state schools,28,136636,Parkside Community College,Cambridgeshire,63.5,,128.0,Mixed,Non-selective,NSE,ACC
2. Top 50 mixed non-selective state schools,28,138457,Wembley High Technology College,Brent,63.5,,306.0,Mixed,Non-selective,NSE,ACC
2. Top 50 mixed non-selective state schools,28,136531,Weydon School,Surrey,63.5,,320.0,Mixed,Non-selective,NSE,ACC
2. Top 50 mixed non-selective state schools,31,136398,The King's (The Cathedral) School,Peterborough,63.2,,147.0,Mixed,Non-selective,NSE,ACC
2. Top 50 mixed non-selective state schools,32,136628,The West Bridgford School,Nottinghamshire,62.9,,270.0,Mixed,Non-selective,NSE,ACC
2. Top 50 mixed non-selective state schools,33,138825,Grey Court School,Richmond upon Thames,62.8,,237.0,Mixed,Non-selective,NSE,ACC
2. Top 50 mixed non-selective state schools,33,137270,Sir John Lawes School,Hertfordshire,62.8,,192.0,Mixed,Non-selective,NSE,ACC
2. Top 50 mixed non-selective state schools,33,141862,The Kingston Academy,Kingston upon Thames,62.8,,209.0,Mixed,Non-selective,NSE,F
2. Top 50 mixed non-selective state schools,36,138286,Beaumont School,Hertfordshire,62.6,,208.0,Mixed,Non-selective,NSE,ACC
2. Top 50 mixed non-selective state schools,37,137995,St Mark's Catholic School,Hounslow,62.5,,186.0,Mixed,Non-selective,NSE,ACC
2. Top 50 mixed non-selective state schools,37,139725,William Perkin Church of England High School,Ealing,62.5,,197.0,Mixed,Non-selective,NSE,F
2. Top 50 mixed non-selective state schools,39,139720,Nishkam School West London,Hounslow,62.4,,108.0,Mixed,Non-selective,,F
2. Top 50 mixed non-selective state schools,40,136891,The Piggott School,Wokingham,61.9,,213.0,Mixed,Non-selective,NSE,ACC
2. Top 50 mixed non-selective state schools,41,149290,St Paul's Catholic College,Surrey,61.8,,209.0,Mixed,Non-selective,NSE,ACC
2. Top 50 mixed non-selective state schools,41,149297,St Richard Reynolds Catholic High School,Richmond upon Thames,61.8,,178.0,Mixed,Non-selective,,ACC
2. Top 50 mixed non-selective state schools,43,136482,Hockerill Anglo-European College,Hertfordshire,61.7,,131.0,Mixed,Non-selective,NSE,ACC
2. Top 50 mixed non-selective state schools,44,136914,Glenthorne High School,Sutton,61.6,,270.0,Mixed,Non-selective,NSE,ACC
2. Top 50 mixed non-selective state schools,44,130912,Paddington Academy,Westminster,61.6,,185.0,Mixed,Non-selective,NSE,AC
2. Top 50 mixed non-selective state schools,44,137924,St Bede's Inter-Church School,Cambridgeshire,61.6,,180.0,Mixed,Non-selective,NSE,ACC
2. Top 50 mixed non-selective state schools,44,136922,Yavneh College,Hertfordshire,61.6,,152.0,Mixed,Non-selective,NSE,ACC
2. Top 50 mixed non-selective state schools,48,137921,Gillotts School,Oxfordshire,61.3,,171.0,Mixed,Non-selective,NSE,ACC
2. Top 50 mixed non-selective state schools,48,137913,"Notre Dame High School, Norwich",Norfolk,61.3,,215.0,Mixed,Non-selective,NSE,ACC
2. Top 50 mixed non-selective state schools,50,137531,Alexandra Park School,Haringey,61.2,,228.0,Mixed,Non-selective,NSE,ACC
"3. Top 50 state schools, any gender",1,138051,The Henrietta Barnett School,Barnet,87.3,,104.0,Girls,Selective,SEL,ACC
"3. Top 50 state schools, any gender",2,136621,Wilson's School,Sutton,86.9,,186.0,Boys,Selective,SEL,ACC
"3. Top 50 state schools, any gender",3,136290,"Queen Elizabeth's School, Barnet",Barnet,85.6,,193.0,Boys,Selective,SEL,ACC
"3. Top 50 state schools, any gender",4,136615,The Tiffin Girls' School,Kingston upon Thames,85.3,,176.0,Girls,Selective,SEL,ACC
"3. Top 50 state schools, any gender",5,136448,Kendrick School,Reading,84.0,,128.0,Girls,Selective,SEL,ACC
"3. Top 50 state schools, any gender",6,101676,St Olave's and St Saviour's Grammar School,Bromley,83.6,,128.0,Boys,Selective,SEL,VA
"3. Top 50 state schools, any gender",7,136642,"King Edward VI Grammar School, Chelmsford",Essex,83.3,,150.0,Mixed,Selective,SEL,ACC
"3. Top 50 state schools, any gender",7,137302,King Edward VI School,Warwickshire,83.3,,90.0,Boys,Selective,SEL,ACC
"3. Top 50 state schools, any gender",9,136449,Reading School,Reading,83.0,,149.0,Boys,Selective,SEL,ACC
"3. Top 50 state schools, any gender",10,136551,Newstead Wood School,Bromley,82.8,,156.0,Girls,Selective,SEL,ACC
"3. Top 50 state schools, any gender",11,136353,Pate's Grammar School,Gloucestershire,82.7,,151.0,Mixed,Selective,SEL,ACC
"3. Top 50 state schools, any gender",12,149899,Colchester Royal Grammar School,Essex,82.1,,128.0,Boys,Selective,SEL,ACC
"3. Top 50 state schools, any gender",13,136412,Chelmsford County High School for Girls,Essex,80.7,,180.0,Girls,Selective,SEL,ACC
"3. Top 50 state schools, any gender",14,137289,Altrincham Grammar School for Girls,Trafford,80.6,,208.0,Girls,Selective,SEL,ACC
"3. Top 50 state schools, any gender",14,137515,Colchester County High School for Girls,Essex,80.6,,191.0,Girls,Selective,SEL,ACC
"3. Top 50 state schools, any gender",14,137235,Stratford Girls' Grammar School,Warwickshire,80.6,,120.0,Girls,Selective,SEL,ACC
"3. Top 50 state schools, any gender",17,136795,Nonsuch High School for Girls,Sutton,80.5,,233.0,Girls,Selective,SEL,ACC
"3. Top 50 state schools, any gender",17,136789,Wallington High School for Girls,Sutton,80.5,,210.0,Girls,Selective,SEL,ACC
"3. Top 50 state schools, any gender",19,137044,King Edward VI Camp Hill School for Girls,Birmingham,80.4,,148.0,Girls,Selective,SEL,ACC
"3. Top 50 state schools, any gender",20,136787,Sutton Grammar School,Sutton,80.3,,133.0,Boys,Selective,SEL,ACC
"3. Top 50 state schools, any gender",21,136283,Heckmondwike Grammar School,Kirklees,80.2,,206.0,Mixed,Selective,SEL,ACC
"3. Top 50 state schools, any gender",22,102055,The Latymer School,Enfield,80.1,,191.0,Mixed,Selective,SEL,VA
"3. Top 50 state schools, any gender",22,102852,Woodford County High School,Redbridge,80.1,,181.0,Girls,Selective,SEL,CY
"3. Top 50 state schools, any gender",24,136359,Dartford Grammar School,Kent,79.9,,179.0,Boys,Selective,SEL,ACC
"3. Top 50 state schools, any gender",24,136420,Upton Court Grammar School,Slough,79.9,,166.0,Mixed,Selective,SEL,ACC
"3. Top 50 state schools, any gender",26,137916,The Blue Coat School,Liverpool,79.5,,176.0,Mixed,Selective,SEL,ACC
"3. Top 50 state schools, any gender",27,136778,Sutton Coldfield Grammar School for Girls,Birmingham,79.4,,179.0,Girls,Selective,SEL,ACC
"3. Top 50 state schools, any gender",28,137219,Dr Challoner's High School,Buckinghamshire,79.1,,183.0,Girls,Selective,SEL,ACC
"3. Top 50 state schools, any gender",28,136910,Tiffin School,Kingston upon Thames,79.1,,180.0,Boys,Selective,SEL,ACC
"3. Top 50 state schools, any gender",30,136366,Colyton Grammar School,Devon,78.8,,152.0,Mixed,Selective,SEL,ACC
"3. Top 50 state schools, any gender",31,136458,Altrincham Grammar School for Boys,Trafford,78.5,,202.0,Boys,Selective,SEL,ACC
"3. Top 50 state schools, any gender",32,118843,The Judd School,Kent,78.4,,189.0,Boys,Selective,SEL,VA
"3. Top 50 state schools, any gender",33,101361,St Michael's Catholic Grammar School,Barnet,77.8,,127.0,Girls,Selective,SEL,VA
"3. Top 50 state schools, any gender",34,136798,Wallington County Grammar School,Sutton,77.7,,150.0,Boys,Selective,SEL,ACC
"3. Top 50 state schools, any gender",35,136521,Langley Grammar School,Slough,77.6,,177.0,Mixed,Selective,SEL,ACC
"3. Top 50 state schools, any gender",35,140862,Michaela Community School,Brent,77.6,,117.0,Mixed,Non-selective,NSE,F
"3. Top 50 state schools, any gender",35,136272,Westcliff High School for Boys Academy,Southend-on-Sea,77.6,,177.0,Boys,Selective,SEL,ACC
"3. Top 50 state schools, any gender",38,110084,St Bernard's Catholic Grammar School,Slough,77.3,,158.0,Mixed,Selective,SEL,VA
"3. Top 50 state schools, any gender",39,136306,Sir Thomas Rich's School,Gloucestershire,77.2,,156.0,Boys,Selective,SEL,ACC
"3. Top 50 state schools, any gender",39,136417,Tonbridge Grammar School,Kent,77.2,,179.0,Girls,Selective,SEL,ACC
"3. Top 50 state schools, any gender",41,137988,Bishop Vesey's Grammar School,Birmingham,77.1,,191.0,Boys,Selective,SEL,ACC
"3. Top 50 state schools, any gender",42,136391,South Wilts Grammar School,Wiltshire,77.0,,156.0,Girls,Selective,SEL,ACC
"3. Top 50 state schools, any gender",43,136874,Stroud High School,Gloucestershire,76.9,,160.0,Girls,Selective,SEL,ACC
"3. Top 50 state schools, any gender",44,138134,Saint Ambrose College,Trafford,76.2,,150.0,Boys,Selective,SEL,ACC
"3. Top 50 state schools, any gender",45,136498,Sale Grammar School,Trafford,76.1,,192.0,Mixed,Selective,SEL,ACC
"3. Top 50 state schools, any gender",46,140893,Beaconsfield High School,Buckinghamshire,75.9,,179.0,Girls,Selective,SEL,ACC
"3. Top 50 state schools, any gender",46,137046,King Edward VI Five Ways School,Birmingham,75.9,,181.0,Mixed,Selective,SEL,ACC
"3. Top 50 state schools, any gender",48,137726,Herschel Grammar School,Slough,75.8,,150.0,Mixed,Selective,SEL,ACC
"3. Top 50 state schools, any gender",49,102850,Ilford County High School,Redbridge,75.7,,180.0,Boys,Selective,SEL,CY
"3. Top 50 state schools, any gender",49,137045,King Edward VI Camp Hill School for Boys,Birmingham,75.7,,148.0,Boys,Selective,SEL,ACC
