urn,school,time_period,source,p8_avg,p8_ci_low,p8_ci_upp,n_in_p8,a8_avg,n_pupils
131609,The Bridge Academy,2017/18,performance tables CSV,0.53,0.22,0.83,65.0,64.1,65.0
131609,The Bridge Academy,2018/19,performance tables CSV,0.38,0.04,0.71,56.0,62.4,56.0
131609,The Bridge Academy,2021/22,performance tables CSV,-0.74,-1.17,-0.3,40.0,64.1,40.0
131609,The Bridge Academy,2022/23,EES API,0.29,-0.17,0.75,37.0,69.8,37.0
131609,The Bridge Academy,2023/24,EES API,0.23,-0.13,0.6,58.0,69.8,58.0
134693,Mossbourne Community Academy,2017/18,performance tables CSV,0.95,0.69,1.21,94.0,69.8,94.0
134693,Mossbourne Community Academy,2018/19,performance tables CSV,1.19,0.93,1.46,91.0,72.9,91.0
134693,Mossbourne Community Academy,2021/22,performance tables CSV,0.71,0.37,1.06,65.0,77.9,65.0
134693,Mossbourne Community Academy,2022/23,EES API,1.33,0.99,1.68,65.0,79.3,65.0
134693,Mossbourne Community Academy,2023/24,EES API,1.41,1.07,1.75,68.0,79.9,68.0
140210,Mossbourne Victoria Park Academy,2017/18,performance tables CSV,,,,,,
140210,Mossbourne Victoria Park Academy,2018/19,performance tables CSV,0.99,0.64,1.33,52.0,71.8,52.0
140210,Mossbourne Victoria Park Academy,2021/22,performance tables CSV,0.77,0.36,1.18,46.0,77.6,46.0
140210,Mossbourne Victoria Park Academy,2022/23,EES API,1.22,0.87,1.58,61.0,80.1,61.0
140210,Mossbourne Victoria Park Academy,2023/24,EES API,1.29,0.86,1.73,41.0,79.7,41.0
135835,"The City Academy, Hackney",2017/18,performance tables CSV,0.48,0.17,0.78,64.0,64.5,64.0
135835,"The City Academy, Hackney",2018/19,performance tables CSV,-0.08,-0.38,0.22,70.0,58.6,70.0
135835,"The City Academy, Hackney",2021/22,performance tables CSV,0.09,-0.29,0.47,53.0,70.4,53.0
135835,"The City Academy, Hackney",2022/23,EES API,0.32,-0.11,0.76,41.0,68.9,41.0
135835,"The City Academy, Hackney",2023/24,EES API,0.61,0.19,1.02,44.0,71.0,44.0
143756,City of London Academy Shoreditch Park,2017/18,performance tables CSV,,,,,,
143756,City of London Academy Shoreditch Park,2018/19,performance tables CSV,,,,,,
143756,City of London Academy Shoreditch Park,2021/22,performance tables CSV,-0.2,-0.61,0.2,47.0,68.5,47.0
143756,City of London Academy Shoreditch Park,2022/23,EES API,0.11,-0.29,0.51,48.0,68.1,48.0
143756,City of London Academy Shoreditch Park,2023/24,EES API,0.69,0.14,1.25,25.0,75.0,25.0
137442,Clapton Girls' Academy,2017/18,performance tables CSV,0.72,0.45,0.99,83.0,67.2,83.0
137442,Clapton Girls' Academy,2018/19,performance tables CSV,0.73,0.47,0.99,93.0,68.2,93.0
137442,Clapton Girls' Academy,2021/22,performance tables CSV,0.4,0.07,0.73,69.0,74.7,69.0
137442,Clapton Girls' Academy,2022/23,EES API,0.49,0.11,0.86,55.0,71.7,55.0
137442,Clapton Girls' Academy,2023/24,EES API,0.83,0.44,1.21,52.0,74.0,52.0
131062,The Excelsior Academy,2017/18,performance tables CSV,0.07,-0.21,0.35,78.0,59.1,78.0
131062,The Excelsior Academy,2018/19,performance tables CSV,-0.5,-0.79,-0.22,77.0,55.1,77.0
131062,The Excelsior Academy,2021/22,performance tables CSV,-0.55,-1.0,-0.09,37.0,62.1,37.0
131062,The Excelsior Academy,2022/23,EES API,-0.26,-0.72,0.2,36.0,63.5,36.0
131062,The Excelsior Academy,2023/24,EES API,0.49,0.04,0.95,37.0,69.9,37.0
100279,Stoke Newington School,2017/18,performance tables CSV,0.27,0.05,0.49,128.0,62.6,128.0
100279,Stoke Newington School,2018/19,performance tables CSV,0.34,0.12,0.55,137.0,63.8,137.0
100279,Stoke Newington School,2021/22,performance tables CSV,0.05,-0.26,0.36,80.0,70.6,80.0
100279,Stoke Newington School,2022/23,EES API,-0.14,-0.47,0.18,73.0,64.8,73.0
100279,Stoke Newington School,2023/24,EES API,0.46,0.14,0.77,78.0,69.7,78.0
147653,Waterside Academy,2017/18,,,,,,,
147653,Waterside Academy,2018/19,performance tables CSV,,,,,,
147653,Waterside Academy,2021/22,performance tables CSV,-0.56,-1.39,0.27,11.0,63.8,11.0
147653,Waterside Academy,2022/23,EES API,0.74,-0.39,1.88,6.0,72.6,6.0
147653,Waterside Academy,2023/24,EES API,,,,,,2.0
134314,St Mary Magdalene Academy,2017/18,performance tables CSV,0.18,-0.13,0.49,64.0,62.2,64.0
134314,St Mary Magdalene Academy,2018/19,performance tables CSV,0.45,0.15,0.75,72.0,64.6,72.0
134314,St Mary Magdalene Academy,2021/22,performance tables CSV,0.66,0.32,1.01,64.0,76.9,64.0
134314,St Mary Magdalene Academy,2022/23,EES API,0.33,0.02,0.64,78.0,71.1,78.0
134314,St Mary Magdalene Academy,2023/24,EES API,0.48,0.15,0.8,73.0,73.7,73.0
102055,The Latymer School,2017/18,performance tables CSV,0.76,0.57,0.94,178.0,79.4,178.0
102055,The Latymer School,2018/19,performance tables CSV,0.68,0.49,0.87,176.0,79.8,176.0
102055,The Latymer School,2021/22,performance tables CSV,0.66,0.45,0.87,176.0,83.8,176.0
102055,The Latymer School,2022/23,EES API,0.78,0.57,0.99,177.0,81.4,177.0
102055,The Latymer School,2023/24,EES API,0.73,0.53,0.94,176.0,81.2,176.0
