urn,school,hpa_3y_years_with_p8,hpa_3y_years_used,hpa_3y_n_in_p8,hpa_3y_p8_wavg,hpa_3y_p8_mean_of_years,hpa_3y_a8_wavg,hpa_3y_p8_ci_low,hpa_3y_p8_ci_upp,hpa_3y_complete_window,hpa_5y_years_with_p8,hpa_5y_years_used,hpa_5y_n_in_p8,hpa_5y_p8_wavg,hpa_5y_p8_mean_of_years,hpa_5y_a8_wavg,hpa_5y_p8_ci_low,hpa_5y_p8_ci_upp,hpa_5y_complete_window
134693,Mossbourne Community Academy,3,"2021/22, 2022/23, 2023/24",198.0,1.15,1.15,79.05,0.96,1.35,True,5,"2017/18, 2018/19, 2021/22, 2022/23, 2023/24",383.0,1.11,1.12,75.32,0.98,1.25,True
140210,Mossbourne Victoria Park Academy,3,"2021/22, 2022/23, 2023/24",148.0,1.1,1.09,79.21,0.87,1.33,True,4,"2018/19, 2021/22, 2022/23, 2023/24",200.0,1.07,1.07,77.28,0.88,1.26,False
102055,The Latymer School,3,"2021/22, 2022/23, 2023/24",529.0,0.72,0.72,82.13,0.6,0.84,True,5,"2017/18, 2018/19, 2021/22, 2022/23, 2023/24",883.0,0.72,0.72,81.12,0.63,0.81,True
137442,Clapton Girls' Academy,3,"2021/22, 2022/23, 2023/24",176.0,0.56,0.57,73.56,0.35,0.76,True,5,"2017/18, 2018/19, 2021/22, 2022/23, 2023/24",352.0,0.64,0.63,70.64,0.5,0.78,True
134314,St Mary Magdalene Academy,3,"2021/22, 2022/23, 2023/24",215.0,0.48,0.49,73.71,0.29,0.67,True,5,"2017/18, 2018/19, 2021/22, 2022/23, 2023/24",351.0,0.42,0.42,69.74,0.28,0.56,True
135835,"The City Academy, Hackney",3,"2021/22, 2022/23, 2023/24",138.0,0.32,0.34,70.15,0.09,0.56,True,5,"2017/18, 2018/19, 2021/22, 2022/23, 2023/24",272.0,0.26,0.28,65.85,0.1,0.42,True
100279,Stoke Newington School,3,"2021/22, 2022/23, 2023/24",231.0,0.13,0.12,68.46,-0.05,0.31,True,5,"2017/18, 2018/19, 2021/22, 2022/23, 2023/24",496.0,0.22,0.2,65.66,0.11,0.34,True
143756,City of London Academy Shoreditch Park,3,"2021/22, 2022/23, 2023/24",120.0,0.11,0.2,69.69,-0.14,0.36,True,3,"2021/22, 2022/23, 2023/24",120.0,0.11,0.2,69.69,-0.14,0.36,False
131609,The Bridge Academy,3,"2021/22, 2022/23, 2023/24",135.0,-0.04,-0.07,68.11,-0.28,0.2,True,5,"2017/18, 2018/19, 2021/22, 2022/23, 2023/24",256.0,0.2,0.14,65.84,0.03,0.36,True
147653,Waterside Academy,2,"2021/22, 2022/23",17.0,-0.1,0.09,66.91,-0.77,0.57,False,2,"2021/22, 2022/23",17.0,-0.1,0.09,66.91,-0.77,0.57,False
131062,The Excelsior Academy,3,"2021/22, 2022/23, 2023/24",110.0,-0.11,-0.11,65.18,-0.37,0.16,True,5,"2017/18, 2018/19, 2021/22, 2022/23, 2023/24",265.0,-0.17,-0.15,60.46,-0.33,-0.01,True
