unit,pct_grades_9plus,pct_grades_8plus,pct_grades_7plus,pct_grades_4plus,grades_awarded,suppressed_grade_cells,maths_pct_9,maths_pct_7plus,eng_lang_pct_9,eng_lang_pct_7plus,ks4_pupils,gcse_grades_per_pupil,gcse_subjects_offered,gcse_subjects,other_ks4_quals
The Latymer School,37.5,65.1,84.1,99.2,1904.0,0,44.2,96.3,15.3,82.1,191.0,10.0,21.0,Art and Design; Biology; Business; Chemistry; Computer Science; Design & Technology; Drama; English Language; English Literature; French; Geography; German; History; Latin; Mathematics; Media / Film / TV; Music; Other Modern Languages; Physical Education; Physics; Religious Studies,Grade 6 Music or Dance – Music (3); Grade 7 Music or Dance – Music (3); Grade 8 Music or Dance – Music (3)
Mossbourne Victoria Park Academy,18.4,33.8,49.6,89.3,1534.0,0,10.9,36.5,15.4,49.4,156.0,9.8,20.0,Art and Design; Biology; Chemistry; Combined Science; Drama; English Language; English Literature; Food Preparation & Nutrition; French; Geography; History; Latin; Mathematics; Music; Other Modern Languages; Physical Education; Physics; Religious Studies; Social Studies; Spanish,BTEC Technical Award L1 / 2 - Band C - P-D* – Sports (12); Level 1 / Level 2 vocational qualification (any AO and grade structure) – Hospitality and Catering (10)
St Mary Magdalene Academy,14.8,29.4,44.0,85.2,1640.0,0,19.8,47.7,9.1,47.7,198.0,8.3,21.0,Art and Design; Biology; Chemistry; Combined Science; Design & Technology; Drama; English Language; English Literature; French; Geography; German; History; Mathematics; Music; Other Modern Languages; Other Sciences; Physical Education; Physics; Religious Studies; Social Studies; Spanish,Level 1 / Level 2 vocational qualification (any AO and grade structure) – Hospitality and Catering (53); Level 1 / Level 2 vocational qualification (any AO and grade structure) – Sports (47); OCR Level 1 / 2 Cambridge National Certificate – Sports (1)
Mossbourne Community Academy,14.0,31.5,49.5,91.7,2064.0,0,12.6,44.4,6.8,40.8,206.0,10.0,24.0,Art and Design; Biology; Business; Chemistry; Combined Science; Computer Science; Design & Technology; Drama; English Language; English Literature; Food Preparation & Nutrition; French; Geography; German; History; Latin; Mathematics; Music; Other Modern Languages; Physical Education; Physics; Religious Studies; Social Studies; Spanish,Free standing Maths Qual Level 3 – Mathematics (1); BTEC Technical Award L1 / 2 - Band C - P-D* – Health (16); BTEC Technical Award L1 / 2 - Band C - P-D* – Information and Communication Technology (15); BTEC Technical Award L1 / 2 - Band C - P-D* – Sports (20)
Clapton Girls' Academy,13.1,27.7,42.1,85.6,1558.0,0,2.9,31.6,10.3,37.4,175.0,8.9,21.0,Art and Design; Biology; Chemistry; Combined Science; Computer Science; Design & Technology; Drama; English Language; English Literature; French; Geography; German; History; Mathematics; Music; Other Modern Languages; Physical Education; Physics; Religious Studies; Social Studies; Spanish,BTEC Technical Award L1 / 2 - Band C - P-D* – Business (22); BTEC Technical Award L1 / 2 - Band C - P-D* – Health (27)
City of London Academy Shoreditch Park,9.9,22.3,36.6,87.4,767.0,0,8.7,31.5,7.6,28.3,94.0,8.2,19.0,Art and Design; Biology; Business; Chemistry; Combined Science; Design & Technology; Drama; English Language; English Literature; Geography; German; History; Mathematics; Music; Other Modern Languages; Physical Education; Physics; Social Studies; Spanish,BTEC Technical Award L1 / 2 - Band C - P-D* – Business (1); BTEC Technical Award L1 / 2 - Band C - P-D* – Sports (1); Level 1 / Level 2 vocational qualification (any AO and grade structure) – Hospitality and Catering (19); OCR Level 1 / 2 Cambridge National Certificate – Sports (4)
The Bridge Academy,8.4,19.4,33.0,84.0,1523.0,0,5.8,33.7,6.9,28.3,173.0,8.8,22.0,Art and Design; Biology; Chemistry; Combined Science; Computer Science; Drama; English Language; English Literature; French; Geography; German; History; Mathematics; Media / Film / TV; Music; Other Modern Languages; Physical Education; Physics; Religious Studies; Social Studies; Spanish; Statistics,BTEC Technical Award L1 / 2 - Band C - P-D* – Music (9); BTEC Technical Award L1 / 2 - Band C - P-D* – Speech & Drama (10); BTEC Technical Award L1 / 2 - Band C - P-D* – Sports (21); Level 1 / Level 2 vocational qualification (any AO and grade structure) – Hospitality and Catering (22); Level 1 / Level 2 vocational qualification (any AO and grade structure) – Information and Communication Technology (18)
Hackney (all schools),7.8,18.1,30.3,76.6,21772.0,0,5.2,26.7,5.0,24.5,2831.0,7.7,,,
Stoke Newington School,7.6,16.8,28.0,70.7,2171.0,0,5.5,23.3,3.6,22.2,254.0,8.5,22.0,Art and Design; Biology; Business; Chemistry; Combined Science; Computer Science; Design & Technology; Drama; English Language; English Literature; Film Studies; French; Geography; German; History; Mathematics; Music; Other Modern Languages; Physical Education; Physics; Social Studies; Spanish,BTEC Technical Award L1 / 2 - Band C - P-D* – Sports (1); Level 1 / Level 2 vocational qualification (any AO and grade structure) – Hospitality and Catering (19); OCR Level 1 / 2 Cambridge National Certificate – Multimedia (39); OCR Level 1 / 2 Cambridge National Certificate – Sports (24)
"The City Academy, Hackney",5.8,15.1,27.1,76.0,1506.0,0,5.3,23.4,4.3,28.9,188.0,8.0,21.0,Art and Design; Biology; Chemistry; Combined Science; Computer Science; Design & Technology; Drama; English Language; English Literature; French; Geography; German; History; Mathematics; Music; Other Modern Languages; Physical Education; Physics; Religious Studies; Social Studies; Spanish,BTEC Technical Award L1 / 2 - Band C - P-D* – Business (49); BTEC Technical Award L1 / 2 - Band C - P-D* – Information and Communication Technology (1); BTEC Technical Award L1 / 2 - Band C - P-D* – Sports (1); Level 1 / Level 2 vocational qualification (any AO and grade structure) – Hospitality and Catering (30); OCR Level 1 / 2 Cambridge National Certificate – Sports (7); OCR Level 1 / 2 Cambridge National Certificate – Sports (1)
England (all schools),5.5,13.2,23.6,71.4,5230830.0,0,4.3,21.9,3.0,19.9,671908.0,7.8,,,
The Excelsior Academy,4.6,10.5,19.6,62.0,1506.0,0,4.5,15.3,4.0,17.0,177.0,8.5,20.0,Art and Design; Biology; Business; Chemistry; Combined Science; Computer Science; English Language; English Literature; French; Geography; German; History; Mathematics; Music; Other Modern Languages; Physics; Religious Studies; Social Studies; Spanish; Statistics,BTEC Technical Award L1 / 2 - Band C - P-D* – Health (18); BTEC Technical Award L1 / 2 - Band C - P-D* – Sports (22)
Waterside Academy,2.8,10.8,21.9,60.1,647.0,0,1.3,16.7,1.3,11.5,78.0,8.3,14.0,Art and Design; Combined Science; Computer Science; Drama; English Language; English Literature; French; Geography; History; Mathematics; Music; Other Modern Languages; Religious Studies; Spanish,BTEC Technical Award L1 / 2 - Band C - P-D* – Sports (10); Level 1 / Level 2 vocational qualification (any AO and grade structure) – Hospitality and Catering (19)
